nursery,jenis,date,plot,capacity,worker
BNN,pd,2026-09-04,B1,2353,Andi Rosmini
BNN,pd,2026-09-04,B1,2353,Andi Rosmini
BNN,pd,2026-09-13,B1,2353,Andi Rosmini
BNN,pd,2026-09-18,B1,2353,Andi Rosmini
BNN,pd,2026-09-26,B1,2353,Andi Rosmini
BNN,pd,2026-09-04,B2,3077,Andi Rosmini
BNN,pd,2026-09-04,B2,3077,Andi Rosmini
BNN,pd,2026-09-13,B2,3077,Andi Rosmini
BNN,pd,2026-09-18,B2,3077,Andi Rosmini
BNN,pd,2026-09-27,B2,3077,Andi Rosmini
BNN,pd,2026-09-04,B3,5170,Andi Rosmini
BNN,pd,2026-09-04,B3,5170,Andi Rosmini
BNN,pd,2026-09-13,B3,5196,Andi Rosmini
BNN,pd,2026-09-18,B3,5196,Andi Rosmini
BNN,pd,2026-09-26,B3,5196,Andi Rosmini
BNN,pd,2026-09-04,B4,862,Muhamad Irsan
BNN,pd,2026-09-04,B4,862,Muhamad Irsan
BNN,pd,2026-09-13,B4,625,Muhamad Irsan
BNN,pd,2026-09-18,B4,625,Muhamad Irsan
BNN,pd,2026-09-26,B4,3030,Muhamad Irsan
BNN,pd,2026-09-04,B5,6515,Muhamad Irsan
BNN,pd,2026-09-04,B5,6515,Muhamad Irsan
BNN,pd,2026-09-13,B5,6515,Muhamad Irsan
BNN,pd,2026-09-18,B5,6515,Muhamad Irsan
BNN,pd,2026-09-26,B5,6515,Muhamad Irsan
BNN,pd,2026-09-04,B6,6721,Irwan Rano Kasno
BNN,pd,2026-09-04,B6,6721,Irwan Rano Kasno
BNN,pd,2026-09-13,B6,6721,Irwan Rano Kasno
BNN,pd,2026-09-18,B6,6721,Irwan Rano Kasno
BNN,pd,2026-09-26,B6,6721,Irwan Rano Kasno
BNN,pd,2026-09-04,B7,2916,Wira Wijaya
BNN,pd,2026-09-04,B7,2916,Wira Wijaya
BNN,pd,2026-09-13,B7,2916,Wira Wijaya
BNN,pd,2026-09-18,B7,2916,Wira Wijaya
BNN,pd,2026-09-26,B7,2916,Wira Wijaya
BNN,pd,2026-09-04,B8,5286,Yuyak
BNN,pd,2026-09-04,B8,5286,Yuyak
BNN,pd,2026-09-13,B8,5286,Yuyak
BNN,pd,2026-09-18,B8,5286,Yuyak
BNN,pd,2026-09-26,B8,4484,Yuyak
BNN,pd,2026-09-03,B9,2699,Wira Wijaya
BNN,pd,2026-09-03,B9,2699,Wira Wijaya
BNN,pd,2026-09-13,B9,2699,Wira Wijaya
BNN,pd,2026-09-18,B9,2699,Wira Wijaya
BNN,pd,2026-09-26,B9,2699,Wira Wijaya
BNN,pd,2026-09-03,B10,7146,Nurbiah Sido
BNN,pd,2026-09-03,B10,7146,Nurbiah Sido
BNN,pd,2026-09-13,B10,7033,Nurbiah Sido
BNN,pd,2026-09-18,B10,7033,Nurbiah Sido
BNN,pd,2026-09-27,B10,7033,Nurbiah Sido
BNN,pd,2026-09-04,B11,8972,Muhammad Choirul
BNN,pd,2026-09-04,B11,8972,Muhammad Choirul
BNN,pd,2026-09-13,B11,8972,Muhammad Choirul
BNN,pd,2026-09-18,B11,8972,Muhammad Choirul
BNN,pd,2026-09-26,B11,12140,Muhammad Choirul
BNN,pd,2026-09-04,B12,2566,Ayub Kamarudin
BNN,pd,2026-09-04,B12,2566,Ayub Kamarudin
BNN,pd,2026-09-13,B12,2566,Ayub Kamarudin
BNN,pd,2026-09-18,B12,2566,Ayub Kamarudin
BNN,pd,2026-09-26,B12,2566,Ayub Kamarudin
BNN,pd,2026-09-04,B14,3541,Ayub Kamarudin
BNN,pd,2026-09-04,B14,3541,Ayub Kamarudin
BNN,pd,2026-09-13,B14,3541,Ayub Kamarudin
BNN,pd,2026-09-18,B14,3541,Ayub Kamarudin
BNN,pd,2026-09-26,B14,3541,Ayub Kamarudin
BNN,manuring,2026-09-06,B1,599,Andi Rosmini
BNN,manuring,2026-09-06,B1,1754,Andi Rosmini
BNN,manuring,2026-09-07,B2,3077,Andi Rosmini
BNN,manuring,2026-09-15,B2,3077,Andi Rosmini
BNN,manuring,2026-09-07,B3,5136,Andi Rosmini
BNN,manuring,2026-09-07,B3-R,34,Andi Rosmini
BNN,manuring,2026-09-07,B4,625,Muhamad Irsan
BNN,manuring,2026-09-07,B4-R,26,Muhamad Irsan
BNN,manuring,2026-09-07,B5,6515,Muhamad Irsan
BNN,manuring,2026-09-15,B5,6515,Muhamad Irsan
BNN,manuring,2026-09-07,B6,6158,Irwan Rano Kasno
BNN,manuring,2026-09-07,B6,563,Irwan Rano Kasno
BNN,manuring,2026-09-15,B6,563,Irwan Rano Kasno
BNN,manuring,2026-09-07,B7,2916,Wira Wijaya
BNN,manuring,2026-09-15,B7,2916,Wira Wijaya
BNN,manuring,2026-09-07,B8,5286,Yuyak
BNN,manuring,2026-09-15,B8,5286,Yuyak
BNN,manuring,2026-09-03,B9,2699,Wira Wijaya
BNN,manuring,2026-09-15,B9,2699,Wira Wijaya
BNN,manuring,2026-09-07,B10,7146,Nurbiah Sido
BNN,manuring,2026-09-15,B11,8972,Muhammad Choirul
BNN,manuring,2026-09-07,B12,2566,Ayub Kamarudin
BNN,manuring,2026-09-07,B14,3541,Ayub Kamarudin
BNN,weeding,2026-09-06,B1,2353,Andi Rosmini
BNN,weeding,2026-09-19,B1,2353,Andi Rosmini
BNN,weeding,2026-09-06,B2,3077,Andi Rosmini
BNN,weeding,2026-09-19,B2,3077,Andi Rosmini
BNN,weeding,2026-09-06,B3,5170,Andi Rosmini
BNN,weeding,2026-09-19,B3,5196,Andi Rosmini
BNN,weeding,2026-09-06,B4,862,Muhamad Irsan
BNN,weeding,2026-09-19,B4,625,Muhamad Irsan
BNN,weeding,2026-09-06,B5,6515,Muhamad Irsan
BNN,weeding,2026-09-19,B5,6515,Muhamad Irsan
BNN,weeding,2026-09-06,B6,6721,Irwan Rano Kasno
BNN,weeding,2026-09-20,B6,6721,Irwan Rano Kasno
BNN,weeding,2026-09-05,B7,2916,Wira Wijaya
BNN,weeding,2026-09-19,B7,2916,Wira Wijaya
BNN,weeding,2026-09-05,B8,5286,Yuyak
BNN,weeding,2026-09-19,B8,5286,Yuyak
BNN,weeding,2026-09-03,B9,2699,Wira Wijaya
BNN,weeding,2026-09-19,B9,2699,Wira Wijaya
BNN,weeding,2026-09-06,B10,7146,Nurbiah Sido
BNN,weeding,2026-09-19,B10,7033,Nurbiah Sido
BNN,weeding,2026-09-07,B11,8972,Muhammad Choirul
BNN,weeding,2026-09-21,B11,12140,Muhammad Choirul
BNN,weeding,2026-09-05,B12,2566,Ayub Kamarudin
BNN,weeding,2026-09-19,B12,2566,Ayub Kamarudin
BNN,weeding,2026-09-06,B14,3541,Ayub Kamarudin
BNN,weeding,2026-09-19,B14,3541,Ayub Kamarudin
BNN,interrow,2026-09-05,B1,2353,Andi Rosmini
BNN,interrow,2026-09-17,B1,2353,Andi Rosmini;Irwan Rano Kasno;Muhamad Irsan;Yuyak
BNN,interrow,2026-09-24,B1,2353,Andi Rosmini;Irwan Rano Kasno;Muhamad Irsan;Yuyak
BNN,interrow,2026-09-09,B2,3151,Andi Rosmini;Irwan Rano Kasno;Muhamad Irsan;Yuyak
BNN,interrow,2026-09-17,B2,3151,Andi Rosmini;Irwan Rano Kasno;Muhamad Irsan;Yuyak
BNN,interrow,2026-09-08,B3,5170,Andi Rosmini
BNN,interrow,2026-09-17,B3,5196,Andi Rosmini;Irwan Rano Kasno;Muhamad Irsan;Yuyak
BNN,interrow,2026-09-24,B3,5196,Andi Rosmini;Irwan Rano Kasno;Muhamad Irsan;Yuyak
BNN,interrow,2026-09-09,B4,625,Muhamad Irsan
BNN,interrow,2026-09-17,B4,625,Andi Rosmini;Irwan Rano Kasno;Muhamad Irsan;Yuyak
BNN,interrow,2026-09-24,B4,3030,Andi Rosmini;Irwan Rano Kasno;Muhamad Irsan;Yuyak
BNN,interrow,2026-09-09,B5,6788,Muhamad Irsan
BNN,interrow,2026-09-17,B5,6788,Andi Rosmini;Irwan Rano Kasno;Muhamad Irsan;Yuyak
BNN,interrow,2026-09-24,B5,6788,Andi Rosmini;Irwan Rano Kasno;Muhamad Irsan
BNN,interrow,2026-09-09,B6,6747,Irwan Rano Kasno
BNN,interrow,2026-09-17,B6,6747,Andi Rosmini;Irwan Rano Kasno;Muhamad Irsan;Yuyak
BNN,interrow,2026-09-24,B6,6747,Andi Rosmini;Irwan Rano Kasno;Muhamad Irsan;Yuyak
BNN,interrow,2026-09-09,B7,3000,Wira Wijaya
BNN,interrow,2026-09-18,B7,3000,Ayub Kamarudin;Muhammad Choirul;Nurbiah Sido;Wira Wijaya
BNN,interrow,2026-09-24,B7,3000,Ayub Kamarudin;Muhammad Choirul;Nurbiah Sido;Wira Wijaya
BNN,interrow,2026-09-09,B8,5302,Yuyak
BNN,interrow,2026-09-17,B8,5302,Andi Rosmini;Irwan Rano Kasno;Muhamad Irsan;Yuyak
BNN,interrow,2026-09-08,B9,2716,Wira Wijaya
BNN,interrow,2026-09-18,B9,2716,Ayub Kamarudin;Muhammad Choirul;Nurbiah Sido;Wira Wijaya
BNN,interrow,2026-09-24,B9,2716,Ayub Kamarudin;Muhammad Choirul;Nurbiah Sido;Wira Wijaya
BNN,interrow,2026-09-08,B10,7146,Nurbiah Sido
BNN,interrow,2026-09-17,B10,7146,Ayub Kamarudin;Muhammad Choirul;Nurbiah Sido;Wira Wijaya
BNN,interrow,2026-09-24,B10,7146,Ayub Kamarudin;Nurbiah Sido;Wira Wijaya
BNN,interrow,2026-09-08,B11,8972,Muhammad Choirul
BNN,interrow,2026-09-17,B11,12140,Ayub Kamarudin;Muhammad Choirul;Nurbiah Sido;Wira Wijaya
BNN,interrow,2026-09-29,B11,12140,Muhammad Choirul
BNN,interrow,2026-09-08,B12,2566,Ayub Kamarudin
BNN,interrow,2026-09-17,B12,2566,Ayub Kamarudin;Muhammad Choirul;Nurbiah Sido;Wira Wijaya
BNN,interrow,2026-09-24,B12,2566,Ayub Kamarudin;Nurbiah Sido;Wira Wijaya
BNN,interrow,2026-09-08,B14,3541,Ayub Kamarudin
BNN,interrow,2026-09-18,B14,3541,Ayub Kamarudin;Muhammad Choirul;Nurbiah Sido;Wira Wijaya
BNN,interrow,2026-09-24,B14,3541,Ayub Kamarudin;Nurbiah Sido;Wira Wijaya
UNN1,pd,2026-09-06,U1,4636,ALL9
UNN1,pd,2026-09-06,U1,4636,ALL9
UNN1,pd,2026-09-13,U1,4636,ALL9
UNN1,pd,2026-09-20,U1,4636,ALL9
UNN1,pd,2026-09-26,U1,4636,ALL9
UNN1,pd,2026-09-06,U2,5064,ALL9
UNN1,pd,2026-09-06,U2,5064,ALL9
UNN1,pd,2026-09-12,U2,5064,ALL9
UNN1,pd,2026-09-19,U2,5064,ALL9
UNN1,pd,2026-09-26,U2,5064,ALL9
UNN1,pd,2026-09-06,U3,5847,ALL9
UNN1,pd,2026-09-06,U3,5847,ALL9
UNN1,pd,2026-09-12,U3,5824,ALL9
UNN1,pd,2026-09-19,U3,5824,ALL9
UNN1,pd,2026-09-26,U3,5824,ALL9
UNN1,pd,2026-09-06,U4,4040,ALL9
UNN1,pd,2026-09-06,U4,4040,ALL9
UNN1,pd,2026-09-13,U4,4040,ALL9
UNN1,pd,2026-09-20,U4,4040,ALL9
UNN1,pd,2026-09-27,U4,4040,ALL9
UNN1,pd,2026-09-06,U5,3335,ALL9
UNN1,pd,2026-09-06,U5,3335,ALL9
UNN1,pd,2026-09-13,U5,3335,ALL9
UNN1,pd,2026-09-20,U5,3335,ALL9
UNN1,pd,2026-09-27,U5,3335,ALL9
UNN1,pd,2026-09-06,U6,8050,ALL9
UNN1,pd,2026-09-06,U6,8050,ALL9
UNN1,pd,2026-09-13,U6,7557,ALL9
UNN1,pd,2026-09-20,U6,6414,ALL9
UNN1,pd,2026-09-27,U6,5194,ALL9
UNN1,pd,2026-09-06,U7,6787,ALL9
UNN1,pd,2026-09-06,U7,6787,Asriawan;Fauzan;Haerul;Hamzan Wadi;Mahnum;Mahsiruddin;Repi;Wina
UNN1,pd,2026-09-13,U7,6787,ALL9
UNN1,pd,2026-09-20,U7,6787,ALL9
UNN1,pd,2026-09-27,U7,6787,ALL9
UNN1,pd,2026-09-06,U8,6693,ALL9
UNN1,pd,2026-09-06,U8,6693,ALL9
UNN1,pd,2026-09-13,U8,6693,ALL9
UNN1,pd,2026-09-20,U8,4957,ALL9
UNN1,pd,2026-09-27,U8,4946,ALL9
UNN1,pd,2026-09-06,U9,3746,ALL9
UNN1,pd,2026-09-06,U9,3746,ALL9
UNN1,pd,2026-09-13,U9,3746,ALL9
UNN1,pd,2026-09-20,U9,3746,ALL9
UNN1,pd,2026-09-27,U9,3746,ALL9
UNN1,pd,2026-09-06,U10,3344,ALL9
UNN1,pd,2026-09-06,U10,3344,ALL9
UNN1,pd,2026-09-13,U10,3344,ALL9
UNN1,pd,2026-09-20,U10,3344,ALL9
UNN1,pd,2026-09-27,U10,3344,ALL9
UNN1,pd,2026-09-06,U11,5935,ALL9
UNN1,pd,2026-09-06,U11,5935,ALL9
UNN1,pd,2026-09-13,U11,5935,ALL9
UNN1,pd,2026-09-20,U11,5935,ALL9
UNN1,pd,2026-09-27,U11,5935,ALL9
UNN1,pd,2026-09-06,U12,6140,ALL9
UNN1,pd,2026-09-06,U12,6140,ALL9
UNN1,pd,2026-09-13,U12,6140,ALL9
UNN1,pd,2026-09-19,U12,6140,ALL9
UNN1,pd,2026-09-26,U12,6140,ALL9
UNN1,pd,2026-09-06,U12-R,88,ALL9
UNN1,pd,2026-09-06,U12-R,88,ALL9
UNN1,pd,2026-09-13,U12-R,88,ALL9
UNN1,pd,2026-09-20,U12-R,88,ALL9
UNN1,pd,2026-09-26,U12-R,53,ALL9
UNN1,pd,2026-09-06,U13,6309,ALL9
UNN1,pd,2026-09-06,U13,6309,ALL9
UNN1,pd,2026-09-13,U13,6309,ALL9
UNN1,pd,2026-09-20,U13,6309,ALL9
UNN1,pd,2026-09-26,U13,6309,ALL9
UNN1,pd,2026-09-06,U14,5704,ALL9
UNN1,pd,2026-09-06,U14,5704,ALL9
UNN1,pd,2026-09-13,U14,5704,ALL9
UNN1,pd,2026-09-19,U14,5704,ALL9
UNN1,pd,2026-09-26,U14,5704,ALL9
UNN1,pd,2026-09-06,U15,4971,ALL9
UNN1,pd,2026-09-06,U15,4971,ALL9
UNN1,pd,2026-09-13,U15,4971,ALL9
UNN1,pd,2026-09-19,U15,4971,ALL9
UNN1,pd,2026-09-26,U15,4971,ALL9
UNN1,pd,2026-09-06,U16,2795,ALL9
UNN1,pd,2026-09-06,U16,2795,ALL9
UNN1,pd,2026-09-13,U16,2795,ALL9
UNN1,pd,2026-09-19,U16,2795,ALL9
UNN1,pd,2026-09-27,U16,2795,ALL9
UNN1,pd,2026-09-06,U17,6883,ALL9
UNN1,pd,2026-09-06,U17,6883,ALL9
UNN1,pd,2026-09-13,U17,5583,ALL9
UNN1,pd,2026-09-20,U17,5583,ALL9
UNN1,pd,2026-09-27,U17,5583,ALL9
UNN1,pd,2026-09-06,U18,7519,ALL9
UNN1,pd,2026-09-06,U18,7519,ALL9
UNN1,pd,2026-09-13,U18,7519,ALL9
UNN1,pd,2026-09-20,U18,7519,ALL9
UNN1,pd,2026-09-27,U18,7519,ALL9
UNN1,manuring,2026-09-05,U1,4636,ALL9
UNN1,manuring,2026-09-17,U1,4636,ALL9
UNN1,manuring,2026-09-06,U2,5064,ALL9
UNN1,manuring,2026-09-18,U2,5064,ALL9
UNN1,manuring,2026-09-06,U3,5847,ALL9
UNN1,manuring,2026-09-06,U4,4040,ALL9
UNN1,manuring,2026-09-06,U5,3335,ALL9
UNN1,manuring,2026-09-06,U6,8050,ALL9
UNN1,manuring,2026-09-06,U7,6787,ALL9
UNN1,manuring,2026-09-19,U7,6787,ALL9
UNN1,manuring,2026-09-06,U8,6693,ALL9
UNN1,manuring,2026-09-19,U8,4957,ALL9
UNN1,manuring,2026-09-06,U9,3746,ALL9
UNN1,manuring,2026-09-19,U9,3746,ALL9
UNN1,manuring,2026-09-06,U10,3344,ALL9
UNN1,manuring,2026-09-19,U10,3344,ALL9
UNN1,manuring,2026-09-05,U11,5935,ALL9
UNN1,manuring,2026-09-05,U12,6140,ALL9
UNN1,manuring,2026-09-05,U13,6309,ALL9
UNN1,manuring,2026-09-07,U14,5704,ALL9
UNN1,manuring,2026-09-07,U15,4971,ALL9
UNN1,manuring,2026-09-07,U16,2795,ALL9
UNN1,manuring,2026-09-06,U17,2006,ALL9
UNN1,manuring,2026-09-19,U17,706,ALL9
UNN1,manuring,2026-09-07,U18,7519,ALL9
UNN1,weeding,2026-09-04,U1,4636,ALL9
UNN1,weeding,2026-09-16,U1,4636,ALL9
UNN1,weeding,2026-09-04,U2,5064,ALL9
UNN1,weeding,2026-09-16,U2,5064,ALL9
UNN1,weeding,2026-09-04,U3,5847,ALL9
UNN1,weeding,2026-09-18,U3,5824,ALL9
UNN1,weeding,2026-09-18,U4,4040,ALL9
UNN1,weeding,2026-09-05,U5,3335,ALL9
UNN1,weeding,2026-09-18,U5,3335,ALL9
UNN1,weeding,2026-09-05,U6,8050,ALL9
UNN1,weeding,2026-09-18,U6,6914,ALL9
UNN1,weeding,2026-09-05,U7,6787,ALL9
UNN1,weeding,2026-09-16,U7,6787,ALL9
UNN1,weeding,2026-09-03,U8,6693,ALL9
UNN1,weeding,2026-09-16,U8,6293,ALL9
UNN1,weeding,2026-09-03,U9,3746,ALL9
UNN1,weeding,2026-09-16,U9,3746,ALL9
UNN1,weeding,2026-09-03,U10,3344,ALL9
UNN1,weeding,2026-09-16,U10,3344,ALL9
UNN1,weeding,2026-09-03,U11,5935,ALL9
UNN1,weeding,2026-09-17,U11,5935,ALL9
UNN1,weeding,2026-09-04,U12,6140,ALL9
UNN1,weeding,2026-09-19,U12,6140,ALL9
UNN1,weeding,2026-09-04,U12-R,88,ALL9
UNN1,weeding,2026-09-16,U12-R,88,ALL9
UNN1,weeding,2026-09-04,U13,6309,ALL9
UNN1,weeding,2026-09-16,U13,6309,ALL9
UNN1,weeding,2026-09-05,U14,5704,ALL9
UNN1,weeding,2026-09-18,U14,5704,ALL9
UNN1,weeding,2026-09-05,U15,4971,ALL9
UNN1,weeding,2026-09-18,U15,4971,ALL9
UNN1,weeding,2026-09-04,U16,2795,ALL9
UNN1,weeding,2026-09-18,U16,2795,ALL9
UNN1,weeding,2026-09-04,U17,2006,ALL9
UNN1,weeding,2026-09-18,U17,5583,ALL9
UNN1,weeding,2026-08-04,U18,7519,ALL9
UNN1,weeding,2026-09-18,U18,7519,ALL9
UNN1,interrow,2026-09-10,U1,4648,ALL9
UNN1,interrow,2026-09-22,U1,4648,ALL9
UNN1,interrow,2026-09-10,U2,5088,ALL9
UNN1,interrow,2026-09-22,U2,5088,ALL9
UNN1,interrow,2026-09-10,U3,5847,ALL9
UNN1,interrow,2026-09-22,U3,5847,ALL9
UNN1,interrow,2026-09-09,U4,4040,ALL9
UNN1,interrow,2026-09-22,U4,4040,ALL9
UNN1,interrow,2026-09-09,U5,3335,ALL9
UNN1,interrow,2026-09-22,U5,3335,ALL9
UNN1,interrow,2026-09-09,U6,8062,ALL9
UNN1,interrow,2026-09-22,U6,6206,ALL9
UNN1,interrow,2026-09-09,U7,6827,ALL9
UNN1,interrow,2026-09-22,U7,6827,ALL9
UNN1,interrow,2026-09-09,U8,6701,ALL9
UNN1,interrow,2026-09-21,U8,4954,ALL9
UNN1,interrow,2026-09-09,U9,3753,ALL9
UNN1,interrow,2026-09-21,U9,3753,ALL9
UNN1,interrow,2026-09-08,U10,3355,ALL9
UNN1,interrow,2026-09-21,U10,3355,ALL9
UNN1,interrow,2026-09-08,U11,5935,ALL9
UNN1,interrow,2026-09-20,U11,5935,ALL9
UNN1,interrow,2026-09-10,U12,6140,ALL9
UNN1,interrow,2026-09-21,U12,6140,ALL9
UNN1,interrow,2026-09-10,U12-R,88,ALL9
UNN1,interrow,2026-09-22,U12-R,53,ALL9
UNN1,interrow,2026-09-10,U13,6309,ALL9
UNN1,interrow,2026-09-21,U13,6309,ALL9
UNN1,interrow,2026-09-10,U14,5704,ALL9
UNN1,interrow,2026-09-22,U14,5704,ALL9
UNN1,interrow,2026-09-10,U15,4971,ALL9
UNN1,interrow,2026-09-22,U15,4971,ALL9
UNN1,interrow,2026-09-10,U16,2795,ALL9
UNN1,interrow,2026-09-22,U16,2795,ALL9
UNN1,interrow,2026-09-10,U17,706,ALL9
UNN1,interrow,2026-09-22,U17,5583,ALL9
UNN1,interrow,2026-09-10,U18,7519,ALL9
UNN1,interrow,2026-09-22,U18,7519,ALL9
UNN2,pd,2026-09-03,N1,5690,Muhamad Azhar
UNN2,pd,2026-09-03,N1,5690,Muhamad Azhar
UNN2,pd,2026-09-11,N1,5676,Muhamad Azhar
UNN2,pd,2026-09-19,N1,5676,Muhamad Azhar
UNN2,pd,2026-09-27,N1,5676,Muhamad Azhar
UNN2,pd,2026-09-03,N2,4962,Awaludin
UNN2,pd,2026-09-03,N2,4962,Awaludin
UNN2,pd,2026-09-11,N2,4962,Awaludin
UNN2,pd,2026-09-19,N2,4962,Awaludin
UNN2,pd,2026-09-27,N2,4962,Awaludin
UNN2,pd,2026-09-27,N3,6685,Awaludin
UNN2,pd,2026-09-03,N4,6149,Anton
UNN2,pd,2026-09-03,N4,6149,Anton
UNN2,pd,2026-09-11,N4,6149,Anton
UNN2,pd,2026-09-19,N4,6149,Anton
UNN2,pd,2026-09-27,N4,6149,Anton
UNN2,pd,2026-09-03,N5,4296,Muhamad Azhar
UNN2,pd,2026-09-03,N5,4296,Muhamad Azhar
UNN2,pd,2026-09-11,N5,4276,Muhamad Azhar
UNN2,pd,2026-09-19,N5,4276,Muhamad Azhar
UNN2,pd,2026-09-27,N5,4276,Muhamad Azhar
UNN2,pd,2026-09-11,N5-R,3,Muhamad Azhar
UNN2,pd,2026-09-28,N5-R,21,Muhamad Azhar
UNN2,pd,2026-09-03,N6,4983,Awaludin
UNN2,pd,2026-09-03,N6,4983,Awaludin
UNN2,pd,2026-09-11,N6,4983,Awaludin
UNN2,pd,2026-09-19,N6,4983,Awaludin
UNN2,pd,2026-09-27,N6,4983,Awaludin
UNN2,pd,2026-09-03,N7,7504,Suhaedi
UNN2,pd,2026-09-03,N7,7504,Suhaedi
UNN2,pd,2026-09-11,N7,7504,Suhaedi
UNN2,pd,2026-09-19,N7,6590,Suhaedi
UNN2,pd,2026-09-28,N7,1551,Suhaedi
UNN2,pd,2026-09-03,N8,7602,MARWAN HAKIM
UNN2,pd,2026-09-03,N8,7602,MARWAN HAKIM
UNN2,pd,2026-09-11,N8,7602,MARWAN HAKIM
UNN2,pd,2026-09-19,N8,7602,MARWAN HAKIM
UNN2,pd,2026-09-27,N8,7602,MARWAN HAKIM
UNN2,pd,2026-09-03,N9,5428,Suhaedi
UNN2,pd,2026-09-03,N9,5428,Suhaedi
UNN2,pd,2026-09-11,N9,5423,Suhaedi
UNN2,pd,2026-09-19,N9,5423,Suhaedi
UNN2,pd,2026-09-27,N9,5423,Suhaedi
UNN2,pd,2026-09-03,N10,4696,LUKMAN SIREGAR
UNN2,pd,2026-09-03,N10,4696,LUKMAN SIREGAR
UNN2,pd,2026-09-11,N10,4696,LUKMAN SIREGAR
UNN2,pd,2026-09-19,N10,4696,LUKMAN SIREGAR
UNN2,pd,2026-09-27,N10,4696,LUKMAN SIREGAR
UNN2,pd,2026-09-03,N11,4071,Suhaedi
UNN2,pd,2026-09-03,N11,4071,Suhaedi
UNN2,pd,2026-09-11,N11,4071,Suhaedi
UNN2,pd,2026-09-19,N11,4071,Suhaedi
UNN2,pd,2026-09-27,N11,4071,Suhaedi
UNN2,pd,2026-09-03,N12,3695,LUKMAN SIREGAR
UNN2,pd,2026-09-03,N12,3695,LUKMAN SIREGAR
UNN2,pd,2026-09-11,N12,3695,LUKMAN SIREGAR
UNN2,pd,2026-09-19,N12,3695,LUKMAN SIREGAR
UNN2,pd,2026-09-27,N12,3695,LUKMAN SIREGAR
UNN2,pd,2026-09-03,N14,5248,MUSTAFA
UNN2,pd,2026-09-03,N14,5248,MUSTAFA
UNN2,pd,2026-09-11,N14,5248,MUSTAFA
UNN2,pd,2026-09-19,N14,5248,MUSTAFA
UNN2,pd,2026-09-27,N14,5248,MUSTAFA
UNN2,pd,2026-09-03,N15,2999,Suhaedi
UNN2,pd,2026-09-03,N15,2999,Suhaedi
UNN2,pd,2026-09-11,N15,1548,Suhaedi
UNN2,pd,2026-09-19,N15,657,Suhaedi
UNN2,pd,2026-09-03,N16,5440,Muhamad Azhar
UNN2,pd,2026-09-03,N16,5440,Muhamad Azhar
UNN2,pd,2026-09-11,N16,5440,Muhamad Azhar
UNN2,pd,2026-09-19,N16,4631,Muhamad Azhar
UNN2,pd,2026-09-27,N16,4631,Muhamad Azhar
UNN2,pd,2026-09-03,N17,4816,MARWAN HAKIM
UNN2,pd,2026-09-03,N17,4816,MARWAN HAKIM
UNN2,pd,2026-09-11,N17,4816,MARWAN HAKIM
UNN2,pd,2026-09-19,N17,4816,MARWAN HAKIM
UNN2,pd,2026-09-27,N17,4816,MARWAN HAKIM
UNN2,pd,2026-09-03,N18,2517,Anton
UNN2,pd,2026-09-03,N18,2517,Anton
UNN2,pd,2026-09-11,N18,2517,Anton
UNN2,pd,2026-09-19,N18,2517,Anton
UNN2,pd,2026-09-27,N18,2517,Anton
UNN2,pd,2026-09-03,N19,6564,Anton
UNN2,pd,2026-09-03,N19,6564,Anton
UNN2,pd,2026-09-11,N19,6564,Anton
UNN2,pd,2026-09-19,N19,6564,Anton
UNN2,pd,2026-09-27,N19,6564,Anton
UNN2,pd,2026-09-03,N20,2441,MARWAN HAKIM
UNN2,pd,2026-09-03,N20,2441,MARWAN HAKIM
UNN2,pd,2026-09-11,N20,2441,MARWAN HAKIM
UNN2,pd,2026-09-18,N20,2441,MARWAN HAKIM
UNN2,pd,2026-09-27,N20,2441,MARWAN HAKIM
UNN2,manuring,2026-09-05,N1,5690,Muhamad Azhar
UNN2,manuring,2026-09-05,N2,4962,Awaludin
UNN2,manuring,2026-09-18,N2,4962,Awaludin
UNN2,manuring,2026-09-05,N4,6149,Anton
UNN2,manuring,2026-09-05,N5,4296,Muhamad Azhar
UNN2,manuring,2026-09-06,N6,4983,Awaludin
UNN2,manuring,2026-09-05,N7,7504,Suhaedi
UNN2,manuring,2026-09-18,N7,6740,Suhaedi
UNN2,manuring,2026-09-06,N8,7602,MARWAN HAKIM
UNN2,manuring,2026-09-07,N9,5428,Suhaedi
UNN2,manuring,2026-09-06,N10,4696,LUKMAN SIREGAR
UNN2,manuring,2026-09-06,N11,4071,Suhaedi
UNN2,manuring,2026-09-18,N11,4071,Suhaedi
UNN2,manuring,2026-09-05,N12,3695,LUKMAN SIREGAR
UNN2,manuring,2026-09-17,N12,3695,LUKMAN SIREGAR
UNN2,manuring,2026-09-06,N14,5248,Muhamad Azhar
UNN2,manuring,2026-09-18,N14,5248,Muhamad Azhar
UNN2,manuring,2026-09-06,N15,2346,MUSTAFA
UNN2,manuring,2026-09-17,N15,657,Suhaedi
UNN2,manuring,2026-09-06,N16,5440,Muhamad Azhar
UNN2,manuring,2026-09-18,N16,4631,Muhamad Azhar
UNN2,manuring,2026-09-06,N17,4816,MARWAN HAKIM
UNN2,manuring,2026-09-18,N17,4816,MARWAN HAKIM
UNN2,manuring,2026-09-06,N18,2517,Anton
UNN2,manuring,2026-09-17,N18,2517,Anton
UNN2,manuring,2026-09-06,N19,6564,Anton
UNN2,manuring,2026-09-18,N19,6564,Anton
UNN2,manuring,2026-09-05,N20,2441,MARWAN HAKIM
UNN2,manuring,2026-09-17,N20,2441,MARWAN HAKIM
UNN2,weeding,2026-09-04,N1,5690,Muhamad Azhar
UNN2,weeding,2026-09-16,N1,5676,Muhamad Azhar
UNN2,weeding,2026-09-04,N2,4962,Awaludin
UNN2,weeding,2026-09-16,N2,4962,Awaludin
UNN2,weeding,2026-09-04,N4,6149,Anton
UNN2,weeding,2026-09-17,N4,6149,Anton
UNN2,weeding,2026-09-05,N5,4296,Muhamad Azhar
UNN2,weeding,2026-09-16,N5,4276,Muhamad Azhar
UNN2,weeding,2026-09-04,N6,4983,Awaludin
UNN2,weeding,2026-09-16,N6,4983,Awaludin
UNN2,weeding,2026-09-05,N7,7504,Suhaedi
UNN2,weeding,2026-09-17,N7,7404,Suhaedi
UNN2,weeding,2026-09-04,N8,7602,MARWAN HAKIM
UNN2,weeding,2026-09-16,N8,7602,MARWAN HAKIM
UNN2,weeding,2026-09-07,N9,5428,Suhaedi
UNN2,weeding,2026-09-16,N9,5423,Suhaedi
UNN2,weeding,2026-09-05,N10,4696,LUKMAN SIREGAR
UNN2,weeding,2026-09-16,N10,4696,LUKMAN SIREGAR
UNN2,weeding,2026-09-05,N11,4071,Suhaedi
UNN2,weeding,2026-09-16,N11,4071,Suhaedi
UNN2,weeding,2026-09-05,N12,3695,LUKMAN SIREGAR
UNN2,weeding,2026-09-16,N12,3695,LUKMAN SIREGAR
UNN2,weeding,2026-09-05,N14,5248,MUSTAFA
UNN2,weeding,2026-09-16,N14,5248,MUSTAFA
UNN2,weeding,2026-09-05,N15,2346,Suhaedi
UNN2,weeding,2026-09-17,N15,657,Suhaedi
UNN2,weeding,2026-09-06,N16,5440,Muhamad Azhar
UNN2,weeding,2026-09-17,N16,4631,Muhamad Azhar
UNN2,weeding,2026-09-04,N17,4816,MARWAN HAKIM
UNN2,weeding,2026-09-16,N17,4816,MARWAN HAKIM
UNN2,weeding,2026-09-04,N18,2517,Anton
UNN2,weeding,2026-09-16,N18,2517,Anton
UNN2,weeding,2026-09-04,N19,6564,Anton
UNN2,weeding,2026-09-16,N19,6564,Anton
UNN2,weeding,2026-09-04,N20,2441,MARWAN HAKIM
UNN2,weeding,2026-09-16,N20,2441,MARWAN HAKIM
UNN2,interrow,2026-09-10,N1,5690,Muhamad Azhar
UNN2,interrow,2026-09-25,N1,5690,Muhamad Azhar
UNN2,interrow,2026-09-10,N2,4985,Awaludin
UNN2,interrow,2026-09-25,N2,4985,Awaludin
UNN2,interrow,2026-09-24,N3,6685,Awaludin
UNN2,interrow,2026-09-10,N4,6149,Anton
UNN2,interrow,2026-09-26,N4,6149,Anton
UNN2,interrow,2026-09-10,N5,4296,Muhamad Azhar
UNN2,interrow,2026-09-26,N5,4296,Muhamad Azhar
UNN2,interrow,2026-09-10,N6,4983,Awaludin
UNN2,interrow,2026-09-30,N6,4983,Awaludin
UNN2,interrow,2026-09-09,N7,7518,Suhaedi
UNN2,interrow,2026-09-10,N8,7602,MARWAN HAKIM
UNN2,interrow,2026-09-23,N8,7602,MARWAN HAKIM
UNN2,interrow,2026-09-10,N9,5428,Suhaedi
UNN2,interrow,2026-09-23,N9,5428,Suhaedi
UNN2,interrow,2026-09-09,N10,4696,LUKMAN SIREGAR
UNN2,interrow,2026-09-25,N10,4696,LUKMAN SIREGAR
UNN2,interrow,2026-09-10,N11,4072,Suhaedi
UNN2,interrow,2026-09-23,N11,4072,Suhaedi
UNN2,interrow,2026-09-10,N12,3708,LUKMAN SIREGAR
UNN2,interrow,2026-09-25,N12,3708,LUKMAN SIREGAR
UNN2,interrow,2026-09-10,N14,5271,MUSTAFA
UNN2,interrow,2026-09-24,N14,5271,MUSTAFA
UNN2,interrow,2026-09-10,N15,1630,Suhaedi
UNN2,interrow,2026-09-24,N15,549,Suhaedi
UNN2,interrow,2026-09-09,N16,5445,Muhamad Azhar
UNN2,interrow,2026-09-23,N16,4636,Muhamad Azhar
UNN2,interrow,2026-09-10,N17,4834,MARWAN HAKIM
UNN2,interrow,2026-09-26,N17,4834,MARWAN HAKIM
UNN2,interrow,2026-09-09,N18,2534,Anton
UNN2,interrow,2026-09-23,N18,2534,Anton
UNN2,interrow,2026-09-10,N19,6590,Anton
UNN2,interrow,2026-09-24,N19,6590,Anton
UNN2,interrow,2026-09-10,N20,2443,MARWAN HAKIM
UNN2,interrow,2026-09-25,N20,2443,MARWAN HAKIM
